{
  "$schema": "https://docs.renovatebot.com/renovate-schema.json",
  "extends": ["config:base"],
  "commitMessageAction": "Bump",
  "commitMessageTopic": "{{depName}}",
  "commitMessageExtra": "to {{newVersion}}",
  "branchConcurrentLimit": 0,
  "pre-commit": {
    "enabled": true,
    "groupName": "pre-commit-and-mypy",
    "automerge": true,
    "automergeStrategy": "squash"
  },
  "pip_requirements": {
    "fileMatch": ["^requirements.dev.txt$", "^requirements.types.txt$"]
  },
  "packageRules": [
    {
      "matchUpdateTypes": ["patch"],
      "automerge": true,
      "automergeStrategy": "squash"
    },
    {
      "groupName": "pre-commit-and-mypy",
      "matchManagers": ["pip_requirements"],
      "matchPackageNames": ["mypy"],
      "automerge": true,
      "automergeStrategy": "squash"
    }
  ]
}
